{

    "gatewayUrl" : {
     
        "localhost" :"https://dev-productapi.realize.skysecuretech.com/"
    },
    "gatewayUrlForUserProfile" : {
        
        "localhost" : "https://dev-altsys-realize-users-api.azurewebsites.net/"
    },
    "gatewayUrlForOrders" : {
        "localhost" : "https://dev-altsys-realize-order.azurewebsites.net/"
    },
    "appUrl" : {
        "allCategory" : "api/category", 
        "allOEM" : "api/oem", 
        "allProducts" : "api/product",
        "globalSearchByKey" : "api/products/search",
        "subCategoryByCategory" : "api/sub-category/",
        "getProductsBySubCategoryIds" : "api/products",
        "getSingleProduct": "api/product/",
        "getByProdyctVariant":"api/product-variant/",
        "getProductsByBrandIds": "api/products/oems",
        "getTrendingProducts" : "api/products/trending",
        "getProductsByFilter": "api/products/filter",
        "getSingleBrandDetails" : "api/product-family/",
        "addFeature" : "api/feature",

        
        "userCart" : "api/user-cart",
        "userSignin" : "api/user/login",
        "profileUpdate" : "api/user/profile-update",
        "createQuotation" : "api/user/createQuotation",
        "getQuoteHistory" : "api/user/getQuoteHistory",
        "getAllDashBoardData" : "api/user/allDashBoardData",
        "getAllAccounts" : "api/user/allAccounts",
        "getAccountsById" : "api/user/getAccountDetails",

        "userSignUp":"api/user/signup",
        "userLogin":"api/user/login",


        "app-registration" : "api/user/azure/app-registration",
        "tenantUpdate" : "api/user/tenant/update",
        "getConnection" : "api/user/get-connection",
         
        

        "getAllSegmentation" : "api/segmentations",
        "getAllRecommendations" : "api/recommandations/all",
        "getRecommandationsBySegmentId" : "api/recommandations/list",
        "getSecureScore" : "api/user/security/getSecureScore",
        "getProductBundleVariant": "api/product-family-variant/",
        "fetchCompareProductsListUrl": "api/product/compare",
        "allSubcategory" : "api/sub-category/get/all"

    },

    "policiesUrl" : {
        "conditionalPolicy" :  "api/user/azure-active-directory/create/conditional-policy"
    }
    
}

